<?xml version="1.0" encoding="UTF-8"?><rss version="2.0"
	xmlns:content="http://purl.org/rss/1.0/modules/content/"
	xmlns:wfw="http://wellformedweb.org/CommentAPI/"
	xmlns:dc="http://purl.org/dc/elements/1.1/"
	xmlns:atom="http://www.w3.org/2005/Atom"
	xmlns:sy="http://purl.org/rss/1.0/modules/syndication/"
	xmlns:slash="http://purl.org/rss/1.0/modules/slash/"
	
	xmlns:georss="http://www.georss.org/georss"
	xmlns:geo="http://www.w3.org/2003/01/geo/wgs84_pos#"
	>

<channel>
	<title>Fiori &#8211; Esercizio sito fiori</title>
	<atom:link href="http://localhost/eserciziowoocommerce3/categoria-prodotto/fiori/feed/?simply_static_page=559" rel="self" type="application/rss+xml" />
	<link></link>
	<description></description>
	<lastBuildDate>Sun, 26 Mar 2023 16:06:38 +0000</lastBuildDate>
	<language>it-IT</language>
	<sy:updatePeriod>
	hourly	</sy:updatePeriod>
	<sy:updateFrequency>
	1	</sy:updateFrequency>
	<generator>https://wordpress.org/?v=6.1.1</generator>
	<item>
		<title>Tulipani</title>
		<link>/prodotto/tulipani/</link>
					<comments>/prodotto/tulipani/#respond</comments>
		
		<dc:creator><![CDATA[Roberta]]></dc:creator>
		<pubDate>Sun, 26 Mar 2023 16:06:38 +0000</pubDate>
				<guid isPermaLink="false">/?post_type=product#038;p=183</guid>

					<description><![CDATA[I tulipani sono fiori eleganti e distintivi, noti per la loro bellezza classica e la loro versatilità. Essi sono originari dell'Asia centrale e hanno conquistato il mondo con la loro grazia e la loro forma unica. Sono caratterizzati da un gambo lungo e snello che regge un fiore a forma di coppa, con petali lisci e morbidi che si sovrappongono delicatamente l'uno sull'altro. La gamma di colori dei tulipani è sorprendente, spaziando dal bianco puro al giallo intenso, dal rosa delicato al rosso vivo e dal viola scuro al nero profondo.]]></description>
										<content:encoded><![CDATA[<p>I tulipani sono fiori eleganti e distintivi, noti per la loro bellezza classica e la loro versatilità. Essi sono originari dell&#8217;Asia centrale e hanno conquistato il mondo con la loro grazia e la loro forma unica. Sono caratterizzati da un gambo lungo e snello che regge un fiore a forma di coppa, con petali lisci e morbidi che si sovrappongono delicatamente l&#8217;uno sull&#8217;altro. La gamma di colori dei tulipani è sorprendente, spaziando dal bianco puro al giallo intenso, dal rosa delicato al rosso vivo e dal viola scuro al nero profondo.</p>
]]></content:encoded>
					
					<wfw:commentRss>/prodotto/tulipani/feed/</wfw:commentRss>
			<slash:comments>0</slash:comments>
		
		
			</item>
	</channel>
</rss>
