<?xml version="1.0" encoding="UTF-8"?><rss version="2.0"
	xmlns:content="http://purl.org/rss/1.0/modules/content/"
	xmlns:wfw="http://wellformedweb.org/CommentAPI/"
	xmlns:dc="http://purl.org/dc/elements/1.1/"
	xmlns:atom="http://www.w3.org/2005/Atom"
	xmlns:sy="http://purl.org/rss/1.0/modules/syndication/"
	xmlns:slash="http://purl.org/rss/1.0/modules/slash/"
	
	xmlns:georss="http://www.georss.org/georss"
	xmlns:geo="http://www.w3.org/2003/01/geo/wgs84_pos#"
	>

<channel>
	<title>Bouquet &#8211; Esercizio sito fiori</title>
	<atom:link href="http://localhost/eserciziowoocommerce3/categoria-prodotto/bouquet/feed/?simply_static_page=554" rel="self" type="application/rss+xml" />
	<link></link>
	<description></description>
	<lastBuildDate>Sun, 26 Mar 2023 16:12:14 +0000</lastBuildDate>
	<language>it-IT</language>
	<sy:updatePeriod>
	hourly	</sy:updatePeriod>
	<sy:updateFrequency>
	1	</sy:updateFrequency>
	<generator>https://wordpress.org/?v=6.1.1</generator>
	<item>
		<title>Bouquet delicato</title>
		<link>/prodotto/bouquet-delicato/</link>
					<comments>/prodotto/bouquet-delicato/#respond</comments>
		
		<dc:creator><![CDATA[Roberta]]></dc:creator>
		<pubDate>Sun, 26 Mar 2023 16:09:55 +0000</pubDate>
				<guid isPermaLink="false">/?post_type=product#038;p=184</guid>

					<description><![CDATA[Il bouquet "Delicato" è un'opera d'arte floreale che incarna la bellezza elegante e raffinata. Composto da una selezione di fiori pregiati e delicati, come le rose, i girasoli, le peonie e le orchidee, questo bouquet è un tripudio di petali morbidi e setosi che si intrecciano dolcemente tra di loro. E' il regalo perfetto per celebrare l'amore, la dolcezza e la purezza. Con il suo profumo delicato e il suo aspetto incantevole, è un omaggio perfetto per chi apprezza la bellezza sottile e raffinata dei fiori.]]></description>
										<content:encoded><![CDATA[<p>Il bouquet &#8220;Delicato&#8221; è un&#8217;opera d&#8217;arte floreale che incarna la bellezza elegante e raffinata. Composto da una selezione di fiori pregiati e delicati, come le rose, i girasoli, le peonie e le orchidee, questo bouquet è un tripudio di petali morbidi e setosi che si intrecciano dolcemente tra di loro.</p>
<p>I colori delicati e pastello, come il rosa pallido, il bianco crema e il giallo chiaro, creano un&#8217;armonia visiva delicata e romantica. Ogni fiore è scelto con cura e disposto con attenzione per creare una composizione armoniosa ed equilibrata.</p>
<p>Le foglie e i rami verdi, che si intrecciano tra i fiori, offrono un contrasto elegante e naturale, enfatizzando la bellezza dei fiori stessi.</p>
<p>Il bouquet &#8220;Delicato&#8221; è il regalo perfetto per celebrare l&#8217;amore, la dolcezza e la purezza. Con il suo profumo delicato e il suo aspetto incantevole, è un omaggio perfetto per chi apprezza la bellezza sottile e raffinata dei fiori.</p>
]]></content:encoded>
					
					<wfw:commentRss>/prodotto/bouquet-delicato/feed/</wfw:commentRss>
			<slash:comments>0</slash:comments>
		
		
			</item>
		<item>
		<title>Buoquet primavera</title>
		<link>/prodotto/buoquet-primavera/</link>
					<comments>/prodotto/buoquet-primavera/#respond</comments>
		
		<dc:creator><![CDATA[Roberta]]></dc:creator>
		<pubDate>Sun, 26 Mar 2023 16:03:06 +0000</pubDate>
				<guid isPermaLink="false">/?post_type=product#038;p=182</guid>

					<description><![CDATA[Il bouquet primavera è una vera e propria esplosione di colori e profumi, che racchiude tutta la bellezza e la vitalità della stagione primaverile.]]></description>
										<content:encoded><![CDATA[<p>Il bouquet primavera è una vera e propria esplosione di colori e profumi, che racchiude tutta la bellezza e la vitalità della stagione primaverile.</p>
<p>Composto da una varietà di fiori freschi e vivaci, come tulipani, narcisi, ranuncoli, giacinti, anemoni, margherite e peonie, questo bouquet è un tripudio di petali morbidi e setosi che si sfiorano delicatamente l&#8217;un l&#8217;altro, creando un effetto visivo e tattile irresistibile.</p>
<p>Il bouquet è arricchito da una selezione di foglie verdi e rami flessuosi, che conferiscono al bouquet un tocco naturale ed elegante. Il profumo dei fiori primaverili è dolce e delicato, evocando immagini di prati fioriti e di albe primaverili.</p>
<p>Insieme, questi fiori primaverili creano un bouquet che è perfetto per celebrare la bellezza della natura e per trasmettere un messaggio di gioia e di speranza.</p>
]]></content:encoded>
					
					<wfw:commentRss>/prodotto/buoquet-primavera/feed/</wfw:commentRss>
			<slash:comments>0</slash:comments>
		
		
			</item>
	</channel>
</rss>
